{"cameraMode":{"drawMode":0,"name":"Shaded","section":"Shading Mode"},"sceneLighting":true,"audioPlay":false,"sceneViewState":{"m_AlwaysRefresh":false,"showFog":true,"showSkybox":true,"showFlares":true,"showImageEffects":true,"showParticleSystems":true,"showVisualEffectGraphs":true,"m_FxEnabled":true},"in2DMode":false,"pivot":{"x":-0.008999824523925782,"y":-6.512399673461914,"z":-0.6100001335144043},"rotation":{"x":0.09892159700393677,"y":0.47410884499549868,"z":-0.05370783060789108,"w":0.8732431530952454},"size":5.340953350067139,"orthographic":false}